/*
SQLyog Ultimate v12.2.6 (64 bit)
MySQL - 8.0.17 : Database - koala
*********************************************************************
*/

/*!40101 SET NAMES utf8 */;

/*!40101 SET SQL_MODE=''*/;

/*!40014 SET @OLD_UNIQUE_CHECKS=@@UNIQUE_CHECKS, UNIQUE_CHECKS=0 */;
/*!40014 SET @OLD_FOREIGN_KEY_CHECKS=@@FOREIGN_KEY_CHECKS, FOREIGN_KEY_CHECKS=0 */;
/*!40101 SET @OLD_SQL_MODE=@@SQL_MODE, SQL_MODE='NO_AUTO_VALUE_ON_ZERO' */;
/*!40111 SET @OLD_SQL_NOTES=@@SQL_NOTES, SQL_NOTES=0 */;
CREATE DATABASE /*!32312 IF NOT EXISTS*/`koala` /*!40100 DEFAULT CHARACTER SET utf8 */ /*!80016 DEFAULT ENCRYPTION='N' */;

USE `koala`;

/*Table structure for table `sys_dept` */

DROP TABLE IF EXISTS `sys_dept`;

CREATE TABLE `sys_dept` (
  `id` bigint(64) NOT NULL COMMENT '主键',
  `tenant_id` varchar(12) CHARACTER SET utf8mb4 COLLATE utf8mb4_general_ci DEFAULT '000000' COMMENT '租户ID',
  `parent_id` bigint(64) DEFAULT '0' COMMENT '父主键',
  `ancestors` varchar(2000) CHARACTER SET utf8mb4 COLLATE utf8mb4_general_ci DEFAULT NULL COMMENT '祖级列表',
  `dept_category` int(2) DEFAULT NULL COMMENT '部门类型',
  `dept_name` varchar(45) CHARACTER SET utf8mb4 COLLATE utf8mb4_general_ci DEFAULT NULL COMMENT '部门名',
  `full_name` varchar(45) CHARACTER SET utf8mb4 COLLATE utf8mb4_general_ci DEFAULT NULL COMMENT '部门全称',
  `sort` int(11) DEFAULT NULL COMMENT '排序',
  `remark` varchar(255) CHARACTER SET utf8mb4 COLLATE utf8mb4_general_ci DEFAULT NULL COMMENT '备注',
  `is_deleted` int(2) DEFAULT '0' COMMENT '是否已删除',
  PRIMARY KEY (`id`) USING BTREE
) ENGINE=InnoDB DEFAULT CHARSET=utf8mb4 COLLATE=utf8mb4_general_ci COMMENT='机构表';

/*Data for the table `sys_dept` */

insert  into `sys_dept`(`id`,`tenant_id`,`parent_id`,`ancestors`,`dept_category`,`dept_name`,`full_name`,`sort`,`remark`,`is_deleted`) values 
(1123598813738675201,'000000',0,'0',1,'刀锋科技','江苏刀锋科技有限公司',1,NULL,0),
(1123598813738675202,'000000',1123598813738675201,'0,1123598813738675201',1,'常州刀锋','常州刀锋科技有限公司',1,NULL,0),
(1123598813738675203,'000000',1123598813738675201,'0,1123598813738675201',1,'苏州刀锋','苏州刀锋科技有限公司',1,NULL,0);

/*Table structure for table `sys_dict` */

DROP TABLE IF EXISTS `sys_dict`;

CREATE TABLE `sys_dict` (
  `id` bigint(64) NOT NULL COMMENT '主键',
  `parent_id` bigint(64) DEFAULT '0' COMMENT '父主键',
  `code` varchar(255) CHARACTER SET utf8mb4 COLLATE utf8mb4_general_ci DEFAULT NULL COMMENT '字典码',
  `dict_key` int(2) DEFAULT NULL COMMENT '字典值',
  `dict_value` varchar(255) CHARACTER SET utf8mb4 COLLATE utf8mb4_general_ci DEFAULT NULL COMMENT '字典名称',
  `sort` int(11) DEFAULT NULL COMMENT '排序',
  `remark` varchar(255) CHARACTER SET utf8mb4 COLLATE utf8mb4_general_ci DEFAULT NULL COMMENT '字典备注',
  `is_deleted` int(2) DEFAULT '0' COMMENT '是否已删除',
  PRIMARY KEY (`id`) USING BTREE
) ENGINE=InnoDB DEFAULT CHARSET=utf8mb4 COLLATE=utf8mb4_general_ci COMMENT='字典表';

/*Data for the table `sys_dict` */

insert  into `sys_dict`(`id`,`parent_id`,`code`,`dict_key`,`dict_value`,`sort`,`remark`,`is_deleted`) values 
(1123598814738675201,0,'sex',-1,'性别',1,NULL,0),
(1123598814738675202,1123598814738675201,'sex',1,'男',1,NULL,0),
(1123598814738675203,1123598814738675201,'sex',2,'女',2,NULL,0),
(1123598814738675204,0,'notice',-1,'通知类型',2,NULL,0),
(1123598814738675205,1123598814738675204,'notice',1,'发布通知',1,NULL,0),
(1123598814738675206,1123598814738675204,'notice',2,'批转通知',2,NULL,0),
(1123598814738675207,1123598814738675204,'notice',3,'转发通知',3,NULL,0),
(1123598814738675208,1123598814738675204,'notice',4,'指示通知',4,NULL,0),
(1123598814738675209,1123598814738675204,'notice',5,'任免通知',5,NULL,0),
(1123598814738675210,1123598814738675204,'notice',6,'事务通知',6,NULL,0),
(1123598814738675211,0,'menu_category',-1,'菜单类型',3,NULL,0),
(1123598814738675212,1123598814738675211,'menu_category',1,'菜单',1,NULL,0),
(1123598814738675213,1123598814738675211,'menu_category',2,'按钮',2,NULL,0),
(1123598814738675214,0,'button_func',-1,'按钮功能',4,NULL,0),
(1123598814738675215,1123598814738675214,'button_func',1,'工具栏',1,NULL,0),
(1123598814738675216,1123598814738675214,'button_func',2,'操作栏',2,NULL,0),
(1123598814738675217,1123598814738675214,'button_func',3,'工具操作栏',3,NULL,0),
(1123598814738675218,0,'yes_no',-1,'是否',5,NULL,0),
(1123598814738675219,1123598814738675218,'yes_no',1,'否',1,NULL,0),
(1123598814738675220,1123598814738675218,'yes_no',2,'是',2,NULL,0),
(1123598814738675221,0,'flow',-1,'流程类型',5,NULL,0),
(1123598814738675222,1123598814738675221,'flow',1,'请假流程',1,'leave',0),
(1123598814738675223,1123598814738675221,'flow',2,'报销流程',2,'expense',0),
(1123598814738675224,0,'oss',-1,'对象存储类型',6,NULL,0),
(1123598814738675225,1123598814738675224,'oss',1,'minio',1,NULL,0),
(1123598814738675226,1123598814738675224,'oss',2,'qiniu',2,NULL,0),
(1123598814738675227,0,'org_category',-1,'机构类型',7,NULL,0),
(1123598814738675228,1123598814738675227,'org_category',1,'公司',1,NULL,0),
(1123598814738675229,1123598814738675227,'org_category',2,'部门',2,NULL,0),
(1123598814738675230,1123598814738675227,'org_category',3,'小组',3,NULL,0),
(1123598814738675231,0,'data_scope_type',-1,'数据权限',8,NULL,0),
(1123598814738675232,1123598814738675231,'data_scope_type',1,'全部可见',1,NULL,0),
(1123598814738675233,1123598814738675231,'data_scope_type',2,'本人可见',2,NULL,0),
(1123598814738675234,1123598814738675231,'data_scope_type',3,'所在机构可见',3,NULL,0),
(1123598814738675235,1123598814738675231,'data_scope_type',4,'所在机构及子级可见',4,NULL,0),
(1123598814738675236,1123598814738675231,'data_scope_type',5,'自定义',5,NULL,0),
(1123598814738675237,0,'api_scope_type',-1,'接口权限',10,NULL,0),
(1123598814738675238,1123598814738675237,'api_scope_type',1,'系统接口',1,NULL,0),
(1123598814738675239,1123598814738675237,'api_scope_type',2,'业务接口',2,NULL,0),
(1123598814738675240,0,'scope_category',-1,'权限类型',10,NULL,0),
(1123598814738675241,1123598814738675240,'scope_category',1,'数据权限',1,NULL,0),
(1123598814738675242,1123598814738675240,'scope_category',2,'接口权限',2,NULL,0);

/*Table structure for table `sys_menu` */

DROP TABLE IF EXISTS `sys_menu`;

CREATE TABLE `sys_menu` (
  `id` bigint(64) NOT NULL COMMENT '主键',
  `parent_id` bigint(64) DEFAULT '0' COMMENT '父级菜单',
  `code` varchar(255) CHARACTER SET utf8mb4 COLLATE utf8mb4_general_ci DEFAULT NULL COMMENT '菜单编号',
  `name` varchar(255) CHARACTER SET utf8mb4 COLLATE utf8mb4_general_ci DEFAULT NULL COMMENT '菜单名称',
  `alias` varchar(255) CHARACTER SET utf8mb4 COLLATE utf8mb4_general_ci DEFAULT NULL COMMENT '菜单别名',
  `path` varchar(255) CHARACTER SET utf8mb4 COLLATE utf8mb4_general_ci DEFAULT NULL COMMENT '请求地址',
  `source` varchar(255) CHARACTER SET utf8mb4 COLLATE utf8mb4_general_ci DEFAULT NULL COMMENT '菜单资源',
  `sort` int(2) DEFAULT NULL COMMENT '排序',
  `category` int(2) DEFAULT NULL COMMENT '菜单类型',
  `action` int(2) DEFAULT '0' COMMENT '操作按钮类型',
  `keep_alive` int(2) DEFAULT '1' COMMENT '0开启 1关闭',
  `remark` varchar(255) CHARACTER SET utf8mb4 COLLATE utf8mb4_general_ci DEFAULT NULL COMMENT '备注',
  `is_deleted` int(2) DEFAULT '0' COMMENT '是否已删除',
  PRIMARY KEY (`id`) USING BTREE
) ENGINE=InnoDB DEFAULT CHARSET=utf8mb4 COLLATE=utf8mb4_general_ci COMMENT='菜单表';

/*Data for the table `sys_menu` */

insert  into `sys_menu`(`id`,`parent_id`,`code`,`name`,`alias`,`path`,`source`,`sort`,`category`,`action`,`keep_alive`,`remark`,`is_deleted`) values 
(1123598815738675201,0,'desk','工作台','menu','/desk','iconfont iconicon_airplay',1,1,0,1,NULL,0),
(1123598815738675202,1123598815738675201,'notice','通知公告','menu','/desk/notice','iconfont iconicon_sms',1,1,0,1,NULL,0),
(1123598815738675203,0,'system','系统管理','menu','/system','iconfont iconicon_setting',99,1,0,1,NULL,0),
(1123598815738675204,1123598815738675203,'user','用户管理','menu','/system/user','iconfont iconicon_principal',1,1,0,1,NULL,0),
(1123598815738675205,1123598815738675203,'dept','机构管理','menu','/system/dept','iconfont iconicon_group',2,1,0,1,NULL,0),
(1123598815738675206,1123598815738675203,'dict','字典管理','menu','/system/dict','iconfont iconicon_addresslist',3,1,0,1,NULL,0),
(1123598815738675207,1123598815738675203,'menu','菜单管理','menu','/system/menu','iconfont iconicon_subordinate',4,1,0,1,NULL,0),
(1123598815738675208,1123598815738675203,'topmenu','顶部菜单','menu','/system/topmenu','iconfont icon-canshu',5,1,0,1,NULL,0),
(1123598815738675209,1123598815738675203,'param','参数管理','menu','/system/param','iconfont iconicon_community_line',6,1,0,1,NULL,0),
(1123598815738675210,0,'monitor','系统监控','menu','/monitor','iconfont icon-yanzhengma',3,1,0,1,NULL,0),
(1123598815738675211,1123598815738675210,'doc','接口文档','menu','http://localhost/doc.html','iconfont iconicon_study',1,1,0,2,NULL,0),
(1123598815738675212,1123598815738675210,'admin','服务治理','menu','http://localhost:7002','iconfont icon-canshu',2,1,0,2,NULL,0),
(1123598815738675213,1123598815738675210,'log','日志管理','menu','/monitor/log','iconfont iconicon_doc',3,1,0,1,NULL,0),
(1123598815738675214,1123598815738675213,'log_usual','通用日志','menu','/monitor/log/usual',NULL,1,1,0,1,NULL,0),
(1123598815738675215,1123598815738675213,'log_api','接口日志','menu','/monitor/log/api',NULL,2,1,0,1,NULL,0),
(1123598815738675216,1123598815738675213,'log_error','错误日志','menu','/monitor/log/error',NULL,3,1,0,1,NULL,0),
(1123598815738675217,0,'tool','研发工具','menu','/tool','iconfont icon-wxbgongju',4,1,0,1,NULL,0),
(1123598815738675218,1123598815738675217,'code','代码生成','menu','/tool/code','iconfont iconicon_savememo',1,1,0,1,NULL,0),
(1123598815738675219,1123598815738675202,'notice_add','新增','add','/desk/notice/add','plus',1,2,1,1,NULL,0),
(1123598815738675220,1123598815738675202,'notice_edit','修改','edit','/desk/notice/edit','form',2,2,2,1,NULL,0),
(1123598815738675221,1123598815738675202,'notice_delete','删除','delete','/api/blade-desk/notice/remove','delete',3,2,3,1,NULL,0),
(1123598815738675222,1123598815738675202,'notice_view','查看','view','/desk/notice/view','file-text',4,2,2,1,NULL,0),
(1123598815738675223,1123598815738675204,'user_add','新增','add','/system/user/add','plus',1,2,1,1,NULL,0),
(1123598815738675224,1123598815738675204,'user_edit','修改','edit','/system/user/edit','form',2,2,2,1,NULL,0),
(1123598815738675225,1123598815738675204,'user_delete','删除','delete','/api/blade-user/remove','delete',3,2,3,1,NULL,0),
(1123598815738675226,1123598815738675204,'user_role','角色配置','role',NULL,'user-add',4,2,1,1,NULL,0),
(1123598815738675227,1123598815738675204,'user_reset','密码重置','reset-password','/api/blade-user/reset-password','retweet',5,2,1,1,NULL,0),
(1123598815738675228,1123598815738675204,'user_view','查看','view','/system/user/view','file-text',6,2,2,1,NULL,0),
(1123598815738675229,1123598815738675205,'dept_add','新增','add','/system/dept/add','plus',1,2,1,1,NULL,0),
(1123598815738675230,1123598815738675205,'dept_edit','修改','edit','/system/dept/edit','form',2,2,2,1,NULL,0),
(1123598815738675231,1123598815738675205,'dept_delete','删除','delete','/api/blade-system/dept/remove','delete',3,2,3,1,NULL,0),
(1123598815738675232,1123598815738675205,'dept_view','查看','view','/system/dept/view','file-text',4,2,2,1,NULL,0),
(1123598815738675233,1123598815738675206,'dict_add','新增','add','/system/dict/add','plus',1,2,1,1,NULL,0),
(1123598815738675234,1123598815738675206,'dict_edit','修改','edit','/system/dict/edit','form',2,2,2,1,NULL,0),
(1123598815738675235,1123598815738675206,'dict_delete','删除','delete','/api/blade-system/dict/remove','delete',3,2,3,1,NULL,0),
(1123598815738675236,1123598815738675206,'dict_view','查看','view','/system/dict/view','file-text',4,2,2,1,NULL,0),
(1123598815738675237,1123598815738675207,'menu_add','新增','add','/system/menu/add','plus',1,2,1,1,NULL,0),
(1123598815738675238,1123598815738675207,'menu_edit','修改','edit','/system/menu/edit','form',2,2,2,1,NULL,0),
(1123598815738675239,1123598815738675207,'menu_delete','删除','delete','/api/blade-system/menu/remove','delete',3,2,3,1,NULL,0),
(1123598815738675240,1123598815738675207,'menu_view','查看','view','/system/menu/view','file-text',4,2,2,1,NULL,0),
(1123598815738675241,1123598815738675308,'role_add','新增','add','/authority/role/add','plus',1,2,1,1,NULL,0),
(1123598815738675242,1123598815738675308,'role_edit','修改','edit','/authority/role/edit','form',2,2,2,1,NULL,0),
(1123598815738675243,1123598815738675308,'role_delete','删除','delete','/api/blade-system/role/remove','delete',3,2,3,1,NULL,0),
(1123598815738675244,1123598815738675308,'role_view','查看','view','/authority/role/view','file-text',4,2,2,1,NULL,0),
(1123598815738675245,1123598815738675209,'param_add','新增','add','/system/param/add','plus',1,2,1,1,NULL,0),
(1123598815738675246,1123598815738675209,'param_edit','修改','edit','/system/param/edit','form',2,2,2,1,NULL,0),
(1123598815738675247,1123598815738675209,'param_delete','删除','delete','/api/blade-system/param/remove','delete',3,2,3,1,NULL,0),
(1123598815738675248,1123598815738675209,'param_view','查看','view','/system/param/view','file-text',4,2,2,1,NULL,0),
(1123598815738675249,1123598815738675214,'log_usual_view','查看','view','/monitor/log/usual/view','file-text',4,2,2,1,NULL,0),
(1123598815738675250,1123598815738675215,'log_api_view','查看','view','/monitor/log/api/view','file-text',4,2,2,1,NULL,0),
(1123598815738675251,1123598815738675216,'log_error_view','查看','view','/monitor/log/error/view','file-text',4,2,2,1,NULL,0),
(1123598815738675252,1123598815738675218,'code_add','新增','add','/tool/code/add','plus',1,2,1,1,NULL,0),
(1123598815738675253,1123598815738675218,'code_edit','修改','edit','/tool/code/edit','form',2,2,2,1,NULL,0),
(1123598815738675254,1123598815738675218,'code_delete','删除','delete','/api/blade-system/code/remove','delete',3,2,3,1,NULL,0),
(1123598815738675255,1123598815738675218,'code_view','查看','view','/tool/code/view','file-text',4,2,2,1,NULL,0),
(1123598815738675256,1123598815738675203,'tenant','租户管理','menu','/system/tenant','iconfont icon-quanxian',7,1,0,1,NULL,0),
(1123598815738675257,1123598815738675256,'tenant_add','新增','add','/system/tenant/add','plus',1,2,1,1,NULL,0),
(1123598815738675258,1123598815738675256,'tenant_edit','修改','edit','/system/tenant/edit','form',2,2,2,1,NULL,0),
(1123598815738675259,1123598815738675256,'tenant_delete','删除','delete','/api/blade-system/tenant/remove','delete',3,2,3,1,NULL,0),
(1123598815738675260,1123598815738675256,'tenant_view','查看','view','/system/tenant/view','file-text',4,2,2,1,NULL,0),
(1123598815738675261,1123598815738675203,'client','应用管理','menu','/system/client','iconfont iconicon_mobilephone',8,1,0,1,NULL,0),
(1123598815738675262,1123598815738675261,'client_add','新增','add','/system/client/add','plus',1,2,1,1,NULL,0),
(1123598815738675263,1123598815738675261,'client_edit','修改','edit','/system/client/edit','form',2,2,2,2,NULL,0),
(1123598815738675264,1123598815738675261,'client_delete','删除','delete','/api/blade-system/client/remove','delete',3,2,3,3,NULL,0),
(1123598815738675265,1123598815738675261,'client_view','查看','view','/system/client/view','file-text',4,2,2,2,NULL,0),
(1123598815738675266,0,'flow','流程管理','menu','/flow','iconfont iconicon_send',5,1,0,1,'',0),
(1123598815738675267,1123598815738675266,'flow_model','模型管理','menu','/flow/model','iconfont iconicon_discovery',1,1,0,1,'',0),
(1123598815738675268,1123598815738675267,'flow_model_create','创建','create','','plus',1,2,1,1,NULL,0),
(1123598815738675269,1123598815738675267,'flow_model_update','编辑','update','','form',2,2,2,1,NULL,0),
(1123598815738675270,1123598815738675267,'flow_model_deploy','部署','deploy','','cloud-upload',3,2,2,1,NULL,0),
(1123598815738675271,1123598815738675267,'flow_model_download','下载','download','','download',4,2,2,1,NULL,0),
(1123598815738675272,1123598815738675267,'flow_model_delete','删除','delete','/api/blade-flow/model/remove','delete',5,2,3,1,NULL,0),
(1123598815738675273,1123598815738675266,'flow_deploy','流程部署','menu','/flow/deploy','iconfont iconicon_cspace',2,1,0,1,'',0),
(1123598815738675274,1123598815738675266,'flow_manager','流程管理','menu','/flow/manager','iconfont iconicon_cloud_history',3,1,0,1,'',0),
(1123598815738675275,1123598815738675274,'flow_manager_state','变更状态','state','','plus',1,2,2,1,NULL,0),
(1123598815738675276,1123598815738675274,'flow_manager_image','流程图','image','','image',2,2,2,1,NULL,0),
(1123598815738675277,1123598815738675274,'flow_manager_remove','删除','remove','','delete',3,2,3,1,NULL,0),
(1123598815738675278,1123598815738675266,'flow_follow','流程跟踪','menu','/flow/follow','iconfont iconicon_GPS',4,1,0,1,'',0),
(1123598815738675279,1123598815738675278,'flow_follow_delete','删除','remove','','remove',1,2,2,1,NULL,0),
(1123598815738675280,0,'work','我的事务','menu','/work','iconfont iconicon_notice',2,1,0,1,'',0),
(1123598815738675281,1123598815738675280,'work_start','发起事务','menu','/work/start','iconfont iconicon_compile',1,1,0,1,'',0),
(1123598815738675282,1123598815738675281,'work_start_flow','发起','flow','','flow',1,2,2,1,NULL,0),
(1123598815738675283,1123598815738675281,'work_start_image','流程图','image','','image',2,2,2,1,NULL,0),
(1123598815738675284,1123598815738675280,'work_claim','待签事务','menu','/work/claim','iconfont iconicon_ding',2,1,0,1,'',0),
(1123598815738675285,1123598815738675284,'work_claim_sign','签收','sign','','sign',1,2,2,1,NULL,0),
(1123598815738675286,1123598815738675284,'work_claim_detail','详情','detail','','detail',2,2,2,1,NULL,0),
(1123598815738675287,1123598815738675284,'work_claim_follow','跟踪','follow','','follow',3,2,2,1,NULL,0),
(1123598815738675288,1123598815738675280,'work_todo','待办事务','menu','/work/todo','iconfont iconicon_savememo',2,1,0,1,'',0),
(1123598815738675289,1123598815738675288,'work_todo_handle','办理','handle','','handle',1,2,2,1,NULL,0),
(1123598815738675290,1123598815738675288,'work_todo_detail','详情','detail','','detail',2,2,2,1,NULL,0),
(1123598815738675291,1123598815738675288,'work_todo_follow','跟踪','follow','','follow',3,2,2,1,NULL,0),
(1123598815738675292,1123598815738675280,'work_send','已发事务','menu','/work/send','iconfont iconicon_doc',3,1,0,1,'',0),
(1123598815738675293,1123598815738675292,'work_send_detail','详情','detail','','detail',1,2,2,1,NULL,0),
(1123598815738675294,1123598815738675292,'work_send_follow','跟踪','follow','','follow',2,2,2,1,NULL,0),
(1123598815738675295,1123598815738675280,'work_done','办结事务','menu','/work/done','iconfont iconicon_dispose',4,1,0,1,'',0),
(1123598815738675296,1123598815738675295,'work_done_detail','详情','detail','','detail',1,2,2,1,NULL,0),
(1123598815738675297,1123598815738675295,'work_done_follow','跟踪','follow','','follow',2,2,2,1,NULL,0),
(1123598815738675298,0,'resource','资源管理','menu','/resource','iconfont iconicon_coinpurse_line',6,1,0,1,'',0),
(1123598815738675299,1123598815738675298,'oss','对象存储','menu','/resource/oss','iconfont iconicon_subordinate',1,1,0,1,'',0),
(1123598815738675301,1123598815738675299,'oss_add','新增','add','/resource/oss/add','plus',1,2,1,1,NULL,0),
(1123598815738675302,1123598815738675299,'oss_edit','修改','edit','/resource/oss/edit','form',2,2,2,2,NULL,0),
(1123598815738675303,1123598815738675299,'oss_delete','删除','delete','/api/blade-resource/oss/remove','delete',3,2,3,3,NULL,0),
(1123598815738675304,1123598815738675299,'oss_view','查看','view','/resource/oss/view','file-text',4,2,2,2,NULL,0),
(1123598815738675305,1123598815738675299,'oss_enable','启用','enable','/api/blade-resource/oss/enable','key',5,2,2,2,NULL,0),
(1123598815738675307,0,'authority','权限管理','menu','/authority','iconfont icon-bofangqi-suoping',98,1,0,1,'',0),
(1123598815738675308,1123598815738675307,'role','角色管理','menu','/authority/role','iconfont iconicon_boss',1,1,0,1,NULL,0),
(1123598815738675309,1123598815738675307,'data_scope','数据权限','menu','/authority/datascope','iconfont icon-shujuzhanshi2',2,1,0,1,'',0),
(1123598815738675310,1123598815738675309,'data_scope_setting','权限配置','setting',NULL,'setting',1,2,2,1,NULL,0),
(1123598815738675311,1123598815738675307,'api_scope','接口权限','menu','/authority/apiscope','iconfont icon-iconset0216',3,1,0,1,'',0),
(1123598815738675312,1123598815738675311,'api_scope_setting','权限配置','setting',NULL,'setting',1,2,2,1,NULL,0),
(1123598815738675313,1123598815738675208,'topmenu_add','新增','add','/system/topmenu/add','plus',1,2,1,1,NULL,0),
(1123598815738675314,1123598815738675208,'topmenu_edit','修改','edit','/system/topmenu/edit','form',2,2,2,1,NULL,0),
(1123598815738675315,1123598815738675208,'topmenu_delete','删除','delete','/api/blade-system/topmenu/remove','delete',3,2,3,1,NULL,0),
(1123598815738675316,1123598815738675208,'topmenu_view','查看','view','/system/topmenu/view','file-text',4,2,2,1,NULL,0),
(1123598815738675317,1123598815738675208,'topmenu_setting','菜单配置','setting',NULL,'setting',5,2,1,1,NULL,0);

/*Table structure for table `sys_oauth_client_details` */

DROP TABLE IF EXISTS `sys_oauth_client_details`;

CREATE TABLE `sys_oauth_client_details` (
  `id` bigint(64) NOT NULL COMMENT '主键',
  `client_id` varchar(48) CHARACTER SET utf8mb4 COLLATE utf8mb4_general_ci NOT NULL COMMENT '客户端id',
  `client_secret` varchar(256) CHARACTER SET utf8mb4 COLLATE utf8mb4_general_ci NOT NULL COMMENT '客户端密钥',
  `resource_ids` varchar(256) CHARACTER SET utf8mb4 COLLATE utf8mb4_general_ci DEFAULT NULL COMMENT '资源集合',
  `scope` varchar(256) CHARACTER SET utf8mb4 COLLATE utf8mb4_general_ci NOT NULL COMMENT '授权范围',
  `authorized_grant_types` varchar(256) CHARACTER SET utf8mb4 COLLATE utf8mb4_general_ci NOT NULL COMMENT '授权类型',
  `web_server_redirect_uri` varchar(256) CHARACTER SET utf8mb4 COLLATE utf8mb4_general_ci DEFAULT NULL COMMENT '回调地址',
  `authorities` varchar(256) CHARACTER SET utf8mb4 COLLATE utf8mb4_general_ci DEFAULT NULL COMMENT '权限',
  `access_token_validity` int(11) NOT NULL COMMENT '令牌过期秒数',
  `refresh_token_validity` int(11) NOT NULL COMMENT '刷新令牌过期秒数',
  `additional_information` varchar(4096) CHARACTER SET utf8mb4 COLLATE utf8mb4_general_ci DEFAULT NULL COMMENT '附加说明',
  `autoapprove` varchar(256) CHARACTER SET utf8mb4 COLLATE utf8mb4_general_ci DEFAULT NULL COMMENT '自动授权',
  `tenant_id` int(11) NOT NULL DEFAULT '0' COMMENT '所属租户',
  PRIMARY KEY (`id`) USING BTREE
) ENGINE=InnoDB DEFAULT CHARSET=utf8mb4 COLLATE=utf8mb4_general_ci COMMENT='客户端表';

/*Data for the table `sys_oauth_client_details` */

insert  into `sys_oauth_client_details`(`id`,`client_id`,`client_secret`,`resource_ids`,`scope`,`authorized_grant_types`,`web_server_redirect_uri`,`authorities`,`access_token_validity`,`refresh_token_validity`,`additional_information`,`autoapprove`,`tenant_id`) values 
(1123598811738675201,'sword','sword_secret',NULL,'all','refresh_token,password,authorization_code','http://localhost:8888',NULL,3600,604800,NULL,'true',0),
(1123598811738675202,'saber','saber_secret',NULL,'all','refresh_token,password,authorization_code','http://localhost:8080',NULL,3600,604800,NULL,'true',0),
(1123598811738675203,'app','app',NULL,'server','password,refresh_token','http://localhost:8080',NULL,3600,604800,NULL,'true',0),
(1123598811738675204,'daemon','daemon',NULL,'server','password,refresh_token',NULL,NULL,3600,604800,NULL,'true',0),
(1123598811738675205,'gen','gen',NULL,'server','password,refresh_token',NULL,NULL,3600,604800,NULL,'true',0),
(1123598811738675206,'mp','mp',NULL,'server','password,refresh_token',NULL,NULL,3600,604800,NULL,'true',0),
(1123598811738675207,'pig','pig',NULL,'server','password,refresh_token,authorization_code,client_credentials','http://localhost:4040/sso1/login,http://localhost:4041/sso1/login',NULL,3600,604800,NULL,'true',0),
(1123598811738675208,'test','test',NULL,'server','password,refresh_token',NULL,NULL,3600,604800,NULL,'true',0);

/*Table structure for table `sys_param` */

DROP TABLE IF EXISTS `sys_param`;

CREATE TABLE `sys_param` (
  `id` bigint(64) NOT NULL COMMENT '主键',
  `param_name` varchar(255) CHARACTER SET utf8mb4 COLLATE utf8mb4_general_ci DEFAULT NULL COMMENT '参数名',
  `param_key` varchar(255) CHARACTER SET utf8mb4 COLLATE utf8mb4_general_ci DEFAULT NULL COMMENT '参数键',
  `param_value` varchar(255) CHARACTER SET utf8mb4 COLLATE utf8mb4_general_ci DEFAULT NULL COMMENT '参数值',
  `remark` varchar(255) CHARACTER SET utf8mb4 COLLATE utf8mb4_general_ci DEFAULT NULL COMMENT '备注',
  PRIMARY KEY (`id`) USING BTREE
) ENGINE=InnoDB DEFAULT CHARSET=utf8mb4 COLLATE=utf8mb4_general_ci COMMENT='参数表';

/*Data for the table `sys_param` */

insert  into `sys_param`(`id`,`param_name`,`param_key`,`param_value`,`remark`) values 
(1123598819738675201,'是否开启注册功能','account.registerUser','true','开启注册'),
(1123598819738675202,'账号初始密码','account.initPassword','123456','初始密码');

/*Table structure for table `sys_role` */

DROP TABLE IF EXISTS `sys_role`;

CREATE TABLE `sys_role` (
  `id` bigint(64) NOT NULL COMMENT '主键',
  `tenant_id` varchar(12) CHARACTER SET utf8mb4 COLLATE utf8mb4_general_ci DEFAULT '000000' COMMENT '租户ID',
  `parent_id` bigint(64) DEFAULT '0' COMMENT '父主键',
  `role_name` varchar(255) CHARACTER SET utf8mb4 COLLATE utf8mb4_general_ci DEFAULT NULL COMMENT '角色名',
  `sort` int(11) DEFAULT NULL COMMENT '排序',
  `role_alias` varchar(255) CHARACTER SET utf8mb4 COLLATE utf8mb4_general_ci DEFAULT NULL COMMENT '角色别名',
  `is_deleted` int(2) DEFAULT '0' COMMENT '是否已删除',
  PRIMARY KEY (`id`) USING BTREE
) ENGINE=InnoDB DEFAULT CHARSET=utf8mb4 COLLATE=utf8mb4_general_ci COMMENT='角色表';

/*Data for the table `sys_role` */

insert  into `sys_role`(`id`,`tenant_id`,`parent_id`,`role_name`,`sort`,`role_alias`,`is_deleted`) values 
(1123598816738675201,'000000',0,'超级管理员',1,'administrator',0),
(1123598816738675202,'000000',0,'用户',2,'user',0),
(1123598816738675203,'000000',1123598816738675202,'人事',1,'hr',0),
(1123598816738675204,'000000',1123598816738675202,'经理',2,'manager',0),
(1123598816738675205,'000000',1123598816738675202,'老板',3,'boss',0);

/*Table structure for table `sys_role_menu` */

DROP TABLE IF EXISTS `sys_role_menu`;

CREATE TABLE `sys_role_menu` (
  `id` bigint(64) NOT NULL COMMENT '主键',
  `menu_id` bigint(64) DEFAULT NULL COMMENT '菜单id',
  `role_id` bigint(64) DEFAULT NULL COMMENT '角色id',
  PRIMARY KEY (`id`) USING BTREE
) ENGINE=InnoDB DEFAULT CHARSET=utf8mb4 COLLATE=utf8mb4_general_ci COMMENT='角色菜单关联表';

/*Data for the table `sys_role_menu` */

insert  into `sys_role_menu`(`id`,`menu_id`,`role_id`) values 
(1123598817738675363,1123598815738675201,1123598816738675202),
(1123598817738675364,1123598815738675202,1123598816738675202),
(1123598817738675365,1123598815738675219,1123598816738675202),
(1123598817738675366,1123598815738675220,1123598816738675202),
(1123598817738675367,1123598815738675221,1123598816738675202),
(1123598817738675368,1123598815738675222,1123598816738675202),
(1123598817738675369,1123598815738675280,1123598816738675202),
(1123598817738675370,1123598815738675281,1123598816738675202),
(1123598817738675371,1123598815738675282,1123598816738675202),
(1123598817738675372,1123598815738675283,1123598816738675202),
(1123598817738675373,1123598815738675284,1123598816738675202),
(1123598817738675374,1123598815738675285,1123598816738675202),
(1123598817738675375,1123598815738675286,1123598816738675202),
(1123598817738675376,1123598815738675287,1123598816738675202),
(1123598817738675377,1123598815738675288,1123598816738675202),
(1123598817738675378,1123598815738675289,1123598816738675202),
(1123598817738675379,1123598815738675290,1123598816738675202),
(1123598817738675380,1123598815738675291,1123598816738675202),
(1123598817738675381,1123598815738675292,1123598816738675202),
(1123598817738675382,1123598815738675293,1123598816738675202),
(1123598817738675383,1123598815738675294,1123598816738675202),
(1123598817738675384,1123598815738675295,1123598816738675202),
(1123598817738675385,1123598815738675296,1123598816738675202),
(1123598817738675386,1123598815738675297,1123598816738675202),
(1123598817738675387,1123598815738675201,1123598816738675203),
(1123598817738675388,1123598815738675202,1123598816738675203),
(1123598817738675389,1123598815738675219,1123598816738675203),
(1123598817738675390,1123598815738675220,1123598816738675203),
(1123598817738675391,1123598815738675221,1123598816738675203),
(1123598817738675392,1123598815738675222,1123598816738675203),
(1123598817738675393,1123598815738675280,1123598816738675203),
(1123598817738675394,1123598815738675281,1123598816738675203),
(1123598817738675395,1123598815738675282,1123598816738675203),
(1123598817738675396,1123598815738675283,1123598816738675203),
(1123598817738675397,1123598815738675284,1123598816738675203),
(1123598817738675398,1123598815738675285,1123598816738675203),
(1123598817738675399,1123598815738675286,1123598816738675203),
(1123598817738675400,1123598815738675287,1123598816738675203),
(1123598817738675401,1123598815738675288,1123598816738675203),
(1123598817738675402,1123598815738675289,1123598816738675203),
(1123598817738675403,1123598815738675290,1123598816738675203),
(1123598817738675404,1123598815738675291,1123598816738675203),
(1123598817738675405,1123598815738675292,1123598816738675203),
(1123598817738675406,1123598815738675293,1123598816738675203),
(1123598817738675407,1123598815738675294,1123598816738675203),
(1123598817738675408,1123598815738675295,1123598816738675203),
(1123598817738675409,1123598815738675296,1123598816738675203),
(1123598817738675410,1123598815738675297,1123598816738675203),
(1123598817738675411,1123598815738675201,1123598816738675204),
(1123598817738675412,1123598815738675202,1123598816738675204),
(1123598817738675413,1123598815738675219,1123598816738675204),
(1123598817738675414,1123598815738675220,1123598816738675204),
(1123598817738675415,1123598815738675221,1123598816738675204),
(1123598817738675416,1123598815738675222,1123598816738675204),
(1123598817738675417,1123598815738675280,1123598816738675204),
(1123598817738675418,1123598815738675281,1123598816738675204),
(1123598817738675419,1123598815738675282,1123598816738675204),
(1123598817738675420,1123598815738675283,1123598816738675204),
(1123598817738675421,1123598815738675284,1123598816738675204),
(1123598817738675422,1123598815738675285,1123598816738675204),
(1123598817738675423,1123598815738675286,1123598816738675204),
(1123598817738675424,1123598815738675287,1123598816738675204),
(1123598817738675425,1123598815738675288,1123598816738675204),
(1123598817738675426,1123598815738675289,1123598816738675204),
(1123598817738675427,1123598815738675290,1123598816738675204),
(1123598817738675428,1123598815738675291,1123598816738675204),
(1123598817738675429,1123598815738675292,1123598816738675204),
(1123598817738675430,1123598815738675293,1123598816738675204),
(1123598817738675431,1123598815738675294,1123598816738675204),
(1123598817738675432,1123598815738675295,1123598816738675204),
(1123598817738675433,1123598815738675296,1123598816738675204),
(1123598817738675434,1123598815738675297,1123598816738675204),
(1123598817738675435,1123598815738675201,1123598816738675205),
(1123598817738675436,1123598815738675202,1123598816738675205),
(1123598817738675437,1123598815738675219,1123598816738675205),
(1123598817738675438,1123598815738675220,1123598816738675205),
(1123598817738675439,1123598815738675221,1123598816738675205),
(1123598817738675440,1123598815738675222,1123598816738675205),
(1123598817738675441,1123598815738675280,1123598816738675205),
(1123598817738675442,1123598815738675281,1123598816738675205),
(1123598817738675443,1123598815738675282,1123598816738675205),
(1123598817738675444,1123598815738675283,1123598816738675205),
(1123598817738675445,1123598815738675284,1123598816738675205),
(1123598817738675446,1123598815738675285,1123598816738675205),
(1123598817738675447,1123598815738675286,1123598816738675205),
(1123598817738675448,1123598815738675287,1123598816738675205),
(1123598817738675449,1123598815738675288,1123598816738675205),
(1123598817738675450,1123598815738675289,1123598816738675205),
(1123598817738675451,1123598815738675290,1123598816738675205),
(1123598817738675452,1123598815738675291,1123598816738675205),
(1123598817738675453,1123598815738675292,1123598816738675205),
(1123598817738675454,1123598815738675293,1123598816738675205),
(1123598817738675455,1123598815738675294,1123598816738675205),
(1123598817738675456,1123598815738675295,1123598816738675205),
(1123598817738675457,1123598815738675296,1123598816738675205),
(1123598817738675458,1123598815738675297,1123598816738675205),
(1149888292426575874,1123598815738675201,1123598816738675201),
(1149888292476907522,1123598815738675202,1123598816738675201),
(1149888292489490433,1123598815738675219,1123598816738675201),
(1149888292502073345,1123598815738675220,1123598816738675201),
(1149888292518850561,1123598815738675221,1123598816738675201),
(1149888292535627777,1123598815738675222,1123598816738675201),
(1149888292548210690,1123598815738675280,1123598816738675201),
(1149888292560793602,1123598815738675281,1123598816738675201),
(1149888292577570817,1123598815738675282,1123598816738675201),
(1149888292594348033,1123598815738675283,1123598816738675201),
(1149888292611125249,1123598815738675284,1123598816738675201),
(1149888292623708162,1123598815738675285,1123598816738675201),
(1149888292640485377,1123598815738675286,1123598816738675201),
(1149888292653068289,1123598815738675287,1123598816738675201),
(1149888292669845506,1123598815738675288,1123598816738675201),
(1149888292682428417,1123598815738675289,1123598816738675201),
(1149888292699205634,1123598815738675290,1123598816738675201),
(1149888292711788545,1123598815738675291,1123598816738675201),
(1149888292724371458,1123598815738675292,1123598816738675201),
(1149888292741148674,1123598815738675293,1123598816738675201),
(1149888292753731585,1123598815738675294,1123598816738675201),
(1149888292766314497,1123598815738675295,1123598816738675201),
(1149888292778897410,1123598815738675296,1123598816738675201),
(1149888292791480321,1123598815738675297,1123598816738675201),
(1149888292808257537,1123598815738675210,1123598816738675201),
(1149888292820840449,1123598815738675211,1123598816738675201),
(1149888292833423362,1123598815738675212,1123598816738675201),
(1149888292846006274,1123598815738675213,1123598816738675201),
(1149888292862783489,1123598815738675214,1123598816738675201),
(1149888292875366401,1123598815738675249,1123598816738675201),
(1149888292887949313,1123598815738675215,1123598816738675201),
(1149888292904726530,1123598815738675250,1123598816738675201),
(1149888292917309442,1123598815738675216,1123598816738675201),
(1149888292929892353,1123598815738675251,1123598816738675201),
(1149888292942475265,1123598815738675217,1123598816738675201),
(1149888292959252482,1123598815738675218,1123598816738675201),
(1149888292971835393,1123598815738675252,1123598816738675201),
(1149888292984418306,1123598815738675253,1123598816738675201),
(1149888292997001217,1123598815738675254,1123598816738675201),
(1149888293009584129,1123598815738675255,1123598816738675201),
(1149888293026361346,1123598815738675266,1123598816738675201),
(1149888293043138562,1123598815738675267,1123598816738675201),
(1149888293055721473,1123598815738675268,1123598816738675201),
(1149888293072498690,1123598815738675269,1123598816738675201),
(1149888293089275906,1123598815738675270,1123598816738675201),
(1149888293101858817,1123598815738675271,1123598816738675201),
(1149888293114441729,1123598815738675272,1123598816738675201),
(1149888293127024642,1123598815738675273,1123598816738675201),
(1149888293139607554,1123598815738675274,1123598816738675201),
(1149888293152190465,1123598815738675275,1123598816738675201),
(1149888293164773377,1123598815738675276,1123598816738675201),
(1149888293177356290,1123598815738675277,1123598816738675201),
(1149888293189939201,1123598815738675278,1123598816738675201),
(1149888293202522113,1123598815738675279,1123598816738675201),
(1149888293215105026,1123598815738675298,1123598816738675201),
(1149888293227687938,1123598815738675299,1123598816738675201),
(1149888293240270850,1123598815738675301,1123598816738675201),
(1149888293252853762,1123598815738675302,1123598816738675201),
(1149888293265436674,1123598815738675303,1123598816738675201),
(1149888293278019586,1123598815738675304,1123598816738675201),
(1149888293290602497,1123598815738675305,1123598816738675201),
(1149888293303185410,1123598815738675307,1123598816738675201),
(1149888293315768322,1123598815738675308,1123598816738675201),
(1149888293328351234,1123598815738675241,1123598816738675201),
(1149888293336739841,1123598815738675242,1123598816738675201),
(1149888293349322753,1123598815738675243,1123598816738675201),
(1149888293361905666,1123598815738675244,1123598816738675201),
(1149888293374488578,1123598815738675309,1123598816738675201),
(1149888293387071489,1123598815738675310,1123598816738675201),
(1149888293399654402,1123598815738675311,1123598816738675201),
(1149888293412237313,1123598815738675312,1123598816738675201),
(1149888293424820226,1123598815738675203,1123598816738675201),
(1149888293454180354,1123598815738675204,1123598816738675201),
(1149888293483540481,1123598815738675223,1123598816738675201),
(1149888293512900609,1123598815738675224,1123598816738675201),
(1149888293529677826,1123598815738675225,1123598816738675201),
(1149888293554843649,1123598815738675226,1123598816738675201),
(1149888293571620866,1123598815738675227,1123598816738675201),
(1149888293588398081,1123598815738675228,1123598816738675201),
(1149888293605175297,1123598815738675205,1123598816738675201),
(1149888293617758209,1123598815738675229,1123598816738675201),
(1149888293630341121,1123598815738675230,1123598816738675201),
(1149888293642924033,1123598815738675231,1123598816738675201),
(1149888293659701250,1123598815738675232,1123598816738675201),
(1149888293672284162,1123598815738675206,1123598816738675201),
(1149888293684867074,1123598815738675233,1123598816738675201),
(1149888293697449986,1123598815738675234,1123598816738675201),
(1149888293710032897,1123598815738675235,1123598816738675201),
(1149888293722615809,1123598815738675236,1123598816738675201),
(1149888293735198722,1123598815738675207,1123598816738675201),
(1149888293747781633,1123598815738675237,1123598816738675201),
(1149888293760364545,1123598815738675238,1123598816738675201),
(1149888293772947458,1123598815738675239,1123598816738675201),
(1149888293785530370,1123598815738675240,1123598816738675201),
(1149888293798113282,1123598815738675306,1123598816738675201),
(1149888293810696194,1123598815738675208,1123598816738675201),
(1149888293819084802,1123598815738675313,1123598816738675201),
(1149888293831667714,1123598815738675314,1123598816738675201),
(1149888293844250626,1123598815738675315,1123598816738675201),
(1149888293856833538,1123598815738675316,1123598816738675201),
(1149888293856833539,1123598815738675317,1123598816738675201),
(1149888293869416450,1123598815738675209,1123598816738675201),
(1149888293881999362,1123598815738675245,1123598816738675201),
(1149888293894582274,1123598815738675246,1123598816738675201),
(1149888293907165186,1123598815738675247,1123598816738675201),
(1149888293919748097,1123598815738675248,1123598816738675201),
(1149888293932331010,1123598815738675256,1123598816738675201),
(1149888293940719618,1123598815738675257,1123598816738675201),
(1149888293953302530,1123598815738675258,1123598816738675201),
(1149888293965885441,1123598815738675259,1123598816738675201),
(1149888293978468354,1123598815738675260,1123598816738675201),
(1149888293986856962,1123598815738675261,1123598816738675201),
(1149888293999439874,1123598815738675262,1123598816738675201),
(1149888294007828482,1123598815738675263,1123598816738675201),
(1149888294020411393,1123598815738675264,1123598816738675201),
(1149888294028800002,1123598815738675265,1123598816738675201);

/*Table structure for table `sys_role_scope` */

DROP TABLE IF EXISTS `sys_role_scope`;

CREATE TABLE `sys_role_scope` (
  `id` bigint(64) NOT NULL COMMENT '主键',
  `scope_category` int(2) DEFAULT NULL COMMENT '权限类型(1:数据权限、2:接口权限)',
  `scope_id` bigint(64) DEFAULT NULL COMMENT '权限id',
  `role_id` bigint(64) DEFAULT NULL COMMENT '角色id',
  PRIMARY KEY (`id`) USING BTREE
) ENGINE=InnoDB DEFAULT CHARSET=utf8mb4 COLLATE=utf8mb4_general_ci COMMENT='角色数据权限关联表';

/*Data for the table `sys_role_scope` */

/*Table structure for table `sys_scope_api` */

DROP TABLE IF EXISTS `sys_scope_api`;

CREATE TABLE `sys_scope_api` (
  `id` bigint(64) NOT NULL COMMENT '主键',
  `menu_id` bigint(64) DEFAULT NULL COMMENT '菜单主键',
  `resource_code` varchar(255) CHARACTER SET utf8mb4 COLLATE utf8mb4_general_ci DEFAULT NULL COMMENT '资源编号',
  `scope_name` varchar(255) CHARACTER SET utf8mb4 COLLATE utf8mb4_general_ci DEFAULT NULL COMMENT '接口权限名',
  `scope_path` varchar(255) CHARACTER SET utf8mb4 COLLATE utf8mb4_general_ci DEFAULT NULL COMMENT '接口权限地址',
  `scope_type` int(2) DEFAULT NULL COMMENT '接口权限类型',
  `remark` varchar(255) CHARACTER SET utf8mb4 COLLATE utf8mb4_general_ci DEFAULT NULL COMMENT '接口权限备注',
  `create_user` bigint(64) DEFAULT NULL COMMENT '创建人',
  `create_dept` bigint(64) DEFAULT NULL COMMENT '创建部门',
  `create_time` datetime DEFAULT NULL COMMENT '创建时间',
  `update_user` bigint(64) DEFAULT NULL COMMENT '修改人',
  `update_time` datetime DEFAULT NULL COMMENT '修改时间',
  `status` int(2) DEFAULT NULL COMMENT '状态',
  `is_deleted` int(2) DEFAULT NULL COMMENT '是否已删除',
  PRIMARY KEY (`id`) USING BTREE
) ENGINE=InnoDB DEFAULT CHARSET=utf8mb4 COLLATE=utf8mb4_general_ci COMMENT='接口权限表';

/*Data for the table `sys_scope_api` */

/*Table structure for table `sys_scope_data` */

DROP TABLE IF EXISTS `sys_scope_data`;

CREATE TABLE `sys_scope_data` (
  `id` bigint(64) NOT NULL COMMENT '主键',
  `menu_id` bigint(64) DEFAULT NULL COMMENT '菜单主键',
  `resource_code` varchar(255) CHARACTER SET utf8mb4 COLLATE utf8mb4_general_ci DEFAULT NULL COMMENT '资源编号',
  `scope_name` varchar(255) CHARACTER SET utf8mb4 COLLATE utf8mb4_general_ci DEFAULT NULL COMMENT '数据权限名称',
  `scope_field` varchar(255) CHARACTER SET utf8mb4 COLLATE utf8mb4_general_ci DEFAULT NULL COMMENT '数据权限字段',
  `scope_class` varchar(500) CHARACTER SET utf8mb4 COLLATE utf8mb4_general_ci DEFAULT NULL COMMENT '数据权限类名',
  `scope_column` varchar(255) CHARACTER SET utf8mb4 COLLATE utf8mb4_general_ci DEFAULT NULL COMMENT '数据权限字段',
  `scope_type` int(2) DEFAULT NULL COMMENT '数据权限类型',
  `scope_value` varchar(2000) CHARACTER SET utf8mb4 COLLATE utf8mb4_general_ci DEFAULT NULL COMMENT '数据权限值域',
  `remark` varchar(255) CHARACTER SET utf8mb4 COLLATE utf8mb4_general_ci DEFAULT NULL COMMENT '数据权限备注',
  `create_user` bigint(64) DEFAULT NULL COMMENT '创建人',
  `create_dept` bigint(64) DEFAULT NULL COMMENT '创建部门',
  `create_time` datetime DEFAULT NULL COMMENT '创建时间',
  `update_user` bigint(64) DEFAULT NULL COMMENT '修改人',
  `update_time` datetime DEFAULT NULL COMMENT '修改时间',
  `status` int(2) DEFAULT NULL COMMENT '状态',
  `is_deleted` int(2) DEFAULT NULL COMMENT '是否已删除',
  PRIMARY KEY (`id`) USING BTREE
) ENGINE=InnoDB DEFAULT CHARSET=utf8mb4 COLLATE=utf8mb4_general_ci COMMENT='数据权限表';

/*Data for the table `sys_scope_data` */

/*Table structure for table `sys_tenant` */

DROP TABLE IF EXISTS `sys_tenant`;

CREATE TABLE `sys_tenant` (
  `id` bigint(64) NOT NULL COMMENT '主键',
  `tenant_id` varchar(12) CHARACTER SET utf8mb4 COLLATE utf8mb4_general_ci DEFAULT '000000' COMMENT '租户ID',
  `tenant_name` varchar(50) CHARACTER SET utf8mb4 COLLATE utf8mb4_general_ci NOT NULL COMMENT '租户名称',
  `linkman` varchar(20) CHARACTER SET utf8mb4 COLLATE utf8mb4_general_ci DEFAULT NULL COMMENT '联系人',
  `email` varchar(20) CHARACTER SET utf8mb4 COLLATE utf8mb4_general_ci DEFAULT NULL COMMENT '邮箱',
  `mobile` varchar(20) CHARACTER SET utf8mb4 COLLATE utf8mb4_general_ci DEFAULT NULL COMMENT '联系电话',
  `address` varchar(255) CHARACTER SET utf8mb4 COLLATE utf8mb4_general_ci DEFAULT NULL COMMENT '联系地址',
  `begin_time` timestamp NULL DEFAULT NULL COMMENT '开始时间',
  `end_time` timestamp NULL DEFAULT NULL COMMENT '结束时间',
  `status` char(1) COLLATE utf8mb4_general_ci NOT NULL DEFAULT '0' COMMENT '0正常 1-冻结',
  `create_time` datetime DEFAULT NULL COMMENT '创建时间',
  `update_time` datetime DEFAULT NULL COMMENT '修改时间',
  `is_deleted` int(2) DEFAULT '0' COMMENT '是否已删除',
  PRIMARY KEY (`id`) USING BTREE
) ENGINE=InnoDB DEFAULT CHARSET=utf8mb4 COLLATE=utf8mb4_general_ci COMMENT='租户表';

/*Data for the table `sys_tenant` */

insert  into `sys_tenant`(`id`,`tenant_id`,`tenant_name`,`linkman`,`email`,`mobile`,`address`,`begin_time`,`end_time`,`status`,`create_time`,`update_time`,`is_deleted`) values 
(1123598820738675201,'000000','管理组','admin','xxxx@qq.com',' 15218725510','广东省深圳市',NULL,NULL,'0',NULL,NULL,0);

/*Table structure for table `sys_user` */

DROP TABLE IF EXISTS `sys_user`;

CREATE TABLE `sys_user` (
  `id` bigint(64) NOT NULL COMMENT '主键',
  `tenant_id` varchar(12) CHARACTER SET utf8mb4 COLLATE utf8mb4_general_ci DEFAULT '000000' COMMENT '租户ID',
  `username` varchar(45) COLLATE utf8mb4_general_ci DEFAULT NULL COMMENT '账号',
  `password` varchar(45) CHARACTER SET utf8mb4 COLLATE utf8mb4_general_ci DEFAULT NULL COMMENT '密码',
  `name` varchar(20) CHARACTER SET utf8mb4 COLLATE utf8mb4_general_ci DEFAULT NULL COMMENT '昵称',
  `real_name` varchar(10) CHARACTER SET utf8mb4 COLLATE utf8mb4_general_ci DEFAULT NULL COMMENT '真名',
  `email` varchar(45) CHARACTER SET utf8mb4 COLLATE utf8mb4_general_ci DEFAULT NULL COMMENT '邮箱',
  `phone` varchar(45) CHARACTER SET utf8mb4 COLLATE utf8mb4_general_ci DEFAULT NULL COMMENT '手机',
  `birthday` datetime DEFAULT NULL COMMENT '生日',
  `sex` smallint(6) DEFAULT NULL COMMENT '性别',
  `role_id` varchar(1000) CHARACTER SET utf8mb4 COLLATE utf8mb4_general_ci DEFAULT NULL COMMENT '角色id',
  `dept_id` varchar(1000) CHARACTER SET utf8mb4 COLLATE utf8mb4_general_ci DEFAULT NULL COMMENT '部门id',
  `is_enabled` int(1) DEFAULT '1' COMMENT '账户启用状态：0停用 1启用',
  `account_non_expired` int(1) DEFAULT '1' COMMENT '账户是否过期：0过期 1未过期',
  `account_non_locked` int(1) DEFAULT '1' COMMENT '账户是否锁定：0锁定 1未锁定',
  `credentials_non_expired` int(11) DEFAULT '1' COMMENT '凭证是否过期：0过期 1未过期',
  `last_login_time` timestamp NULL DEFAULT NULL COMMENT '最后登录时间',
  `create_user` bigint(64) DEFAULT NULL COMMENT '创建人',
  `create_dept` bigint(64) DEFAULT NULL COMMENT '创建部门',
  `create_time` datetime DEFAULT NULL COMMENT '创建时间',
  `update_user` bigint(64) DEFAULT NULL COMMENT '修改人',
  `update_time` datetime DEFAULT NULL COMMENT '修改时间',
  `is_deleted` int(2) DEFAULT '0' COMMENT '是否已删除',
  PRIMARY KEY (`id`) USING BTREE
) ENGINE=InnoDB DEFAULT CHARSET=utf8mb4 COLLATE=utf8mb4_general_ci COMMENT='用户表';

/*Data for the table `sys_user` */

insert  into `sys_user`(`id`,`tenant_id`,`username`,`password`,`name`,`real_name`,`email`,`phone`,`birthday`,`sex`,`role_id`,`dept_id`,`is_enabled`,`account_non_expired`,`account_non_locked`,`credentials_non_expired`,`last_login_time`,`create_user`,`create_dept`,`create_time`,`update_user`,`update_time`,`is_deleted`) values 
(1123598821738675201,'000000','admin','90b9aa7e25f80cf4f64e990b78a9fc5ebd6cecad','管理员','管理员','admin@bladex.vip','123333333333','2018-08-08 00:00:00',1,'1123598816738675201','1123598813738675201',1,1,1,1,NULL,1123598821738675201,1123598813738675201,'2018-08-08 00:00:00',1123598821738675201,'2018-08-08 00:00:00',0),
(1123598821738675202,'000000','hr','5e79b90f7bba52d54115f086e48f539016a27ec6','人事','人事','hr@bladex.vip','123333333333','2018-08-08 00:00:00',1,'1123598816738675203','1123598813738675201',1,1,1,1,NULL,1123598821738675201,1123598813738675201,'2019-04-27 17:03:10',1123598821738675201,'2019-04-27 17:03:10',0),
(1123598821738675203,'000000','manager','dfbaa3b61caa3a319f463cc165085aa8c822d2ce','经理','经理','manager@bladex.vip','123333333333','2018-08-08 00:00:00',1,'1123598816738675204','1123598813738675201',1,1,1,1,NULL,1123598821738675201,1123598813738675201,'2019-04-27 17:03:38',1123598821738675201,'2019-04-27 17:03:38',0),
(1123598821738675204,'000000','boss','abe57d23e18f7ad8ea99c86e430c90a05119a9d3','老板','老板','boss@bladex.vip','123333333333','2018-08-08 00:00:00',1,'1123598816738675205','1123598813738675201',1,1,1,1,NULL,1123598821738675201,1123598813738675201,'2019-04-27 17:03:55',1123598821738675201,'2019-04-27 17:03:55',0);

/*!40101 SET SQL_MODE=@OLD_SQL_MODE */;
/*!40014 SET FOREIGN_KEY_CHECKS=@OLD_FOREIGN_KEY_CHECKS */;
/*!40014 SET UNIQUE_CHECKS=@OLD_UNIQUE_CHECKS */;
/*!40111 SET SQL_NOTES=@OLD_SQL_NOTES */;
